template_type,level,field,precision,recall,f1,tp,fp,fn
India_Bank_Statement_Digital_Type1,clean,account_holder,1.000,1.000,1.000,5,0,0
India_Bank_Statement_Digital_Type1,clean,account_number,1.000,1.000,1.000,5,0,0
India_Bank_Statement_Digital_Type1,clean,bank_name,1.000,1.000,1.000,5,0,0
India_Bank_Statement_Digital_Type1,clean,closing_balance,1.000,1.000,1.000,5,0,0
India_Bank_Statement_Digital_Type1,clean,end_date,1.000,1.000,1.000,5,0,0
India_Bank_Statement_Digital_Type1,clean,ifsc_code,0.800,0.800,0.800,4,1,1
India_Bank_Statement_Digital_Type1,clean,micr_code,1.000,1.000,1.000,5,0,0
India_Bank_Statement_Digital_Type1,clean,opening_balance,1.000,1.000,1.000,5,0,0
India_Bank_Statement_Digital_Type1,clean,start_date,1.000,1.000,1.000,5,0,0
India_Bank_Statement_Digital_Type1,clean,statement_date,0.000,0.000,0.000,0,5,5
India_Bank_Statement_Digital_Type1,heavy,account_holder,0.000,0.000,0.000,0,0,5
India_Bank_Statement_Digital_Type1,heavy,account_number,0.000,0.000,0.000,0,0,5
India_Bank_Statement_Digital_Type1,heavy,bank_name,0.000,0.000,0.000,0,0,5
India_Bank_Statement_Digital_Type1,heavy,closing_balance,0.000,0.000,0.000,0,0,5
India_Bank_Statement_Digital_Type1,heavy,end_date,0.000,0.000,0.000,0,0,5
India_Bank_Statement_Digital_Type1,heavy,ifsc_code,0.000,0.000,0.000,0,0,5
India_Bank_Statement_Digital_Type1,heavy,micr_code,0.000,0.000,0.000,0,0,5
India_Bank_Statement_Digital_Type1,heavy,opening_balance,0.000,0.000,0.000,0,0,5
India_Bank_Statement_Digital_Type1,heavy,start_date,0.000,0.000,0.000,0,0,5
India_Bank_Statement_Digital_Type1,heavy,statement_date,0.000,0.000,0.000,0,0,5
India_Bank_Statement_Digital_Type1,light,account_holder,1.000,1.000,1.000,5,0,0
India_Bank_Statement_Digital_Type1,light,account_number,0.000,0.000,0.000,0,5,5
India_Bank_Statement_Digital_Type1,light,bank_name,1.000,1.000,1.000,5,0,0
India_Bank_Statement_Digital_Type1,light,closing_balance,0.000,0.000,0.000,0,5,5
India_Bank_Statement_Digital_Type1,light,end_date,0.600,0.600,0.600,3,2,2
India_Bank_Statement_Digital_Type1,light,ifsc_code,0.000,0.000,0.000,0,5,5
India_Bank_Statement_Digital_Type1,light,micr_code,0.000,0.000,0.000,0,5,5
India_Bank_Statement_Digital_Type1,light,opening_balance,0.000,0.000,0.000,0,5,5
India_Bank_Statement_Digital_Type1,light,start_date,0.600,0.600,0.600,3,2,2
India_Bank_Statement_Digital_Type1,light,statement_date,0.000,0.000,0.000,0,5,5
India_Bank_Statement_Digital_Type1,medium,account_holder,0.000,0.000,0.000,0,1,5
India_Bank_Statement_Digital_Type1,medium,account_number,0.000,0.000,0.000,0,1,5
India_Bank_Statement_Digital_Type1,medium,bank_name,1.000,1.000,1.000,5,0,0
India_Bank_Statement_Digital_Type1,medium,closing_balance,0.000,0.000,0.000,0,1,5
India_Bank_Statement_Digital_Type1,medium,end_date,0.000,0.000,0.000,0,1,5
India_Bank_Statement_Digital_Type1,medium,ifsc_code,0.000,0.000,0.000,0,1,5
India_Bank_Statement_Digital_Type1,medium,micr_code,0.000,0.000,0.000,0,1,5
India_Bank_Statement_Digital_Type1,medium,opening_balance,0.000,0.000,0.000,0,1,5
India_Bank_Statement_Digital_Type1,medium,start_date,0.000,0.000,0.000,0,1,5
India_Bank_Statement_Digital_Type1,medium,statement_date,0.000,0.000,0.000,0,1,5
India_Bank_Statement_Digital_Type2,clean,account_holder,1.000,1.000,1.000,5,0,0
India_Bank_Statement_Digital_Type2,clean,account_number,0.600,0.600,0.600,3,2,2
India_Bank_Statement_Digital_Type2,clean,bank_name,1.000,1.000,1.000,5,0,0
India_Bank_Statement_Digital_Type2,clean,closing_balance,1.000,1.000,1.000,5,0,0
India_Bank_Statement_Digital_Type2,clean,end_date,1.000,1.000,1.000,5,0,0
India_Bank_Statement_Digital_Type2,clean,ifsc_code,0.800,0.800,0.800,4,1,1
India_Bank_Statement_Digital_Type2,clean,micr_code,1.000,1.000,1.000,5,0,0
India_Bank_Statement_Digital_Type2,clean,opening_balance,1.000,1.000,1.000,5,0,0
India_Bank_Statement_Digital_Type2,clean,start_date,1.000,1.000,1.000,5,0,0
India_Bank_Statement_Digital_Type2,clean,statement_date,0.000,0.000,0.000,0,0,5
India_Bank_Statement_Digital_Type2,heavy,account_holder,0.000,0.000,0.000,0,0,4
India_Bank_Statement_Digital_Type2,heavy,account_number,0.000,0.000,0.000,0,0,4
India_Bank_Statement_Digital_Type2,heavy,bank_name,0.000,0.000,0.000,0,0,4
India_Bank_Statement_Digital_Type2,heavy,closing_balance,0.000,0.000,0.000,0,0,4
India_Bank_Statement_Digital_Type2,heavy,end_date,0.000,0.000,0.000,0,0,4
India_Bank_Statement_Digital_Type2,heavy,ifsc_code,0.000,0.000,0.000,0,0,4
India_Bank_Statement_Digital_Type2,heavy,micr_code,0.000,0.000,0.000,0,0,4
India_Bank_Statement_Digital_Type2,heavy,opening_balance,0.000,0.000,0.000,0,0,4
India_Bank_Statement_Digital_Type2,heavy,start_date,0.000,0.000,0.000,0,0,4
India_Bank_Statement_Digital_Type2,heavy,statement_date,0.000,0.000,0.000,0,0,4
India_Bank_Statement_Digital_Type2,light,account_holder,1.000,1.000,1.000,5,0,0
India_Bank_Statement_Digital_Type2,light,account_number,0.000,0.000,0.000,0,5,5
India_Bank_Statement_Digital_Type2,light,bank_name,1.000,1.000,1.000,5,0,0
India_Bank_Statement_Digital_Type2,light,closing_balance,0.000,0.000,0.000,0,5,5
India_Bank_Statement_Digital_Type2,light,end_date,0.200,0.200,0.200,1,4,4
India_Bank_Statement_Digital_Type2,light,ifsc_code,0.000,0.000,0.000,0,5,5
India_Bank_Statement_Digital_Type2,light,micr_code,0.000,0.000,0.000,0,5,5
India_Bank_Statement_Digital_Type2,light,opening_balance,0.200,0.200,0.200,1,4,4
India_Bank_Statement_Digital_Type2,light,start_date,0.200,0.200,0.200,1,4,4
India_Bank_Statement_Digital_Type2,light,statement_date,0.000,0.000,0.000,0,0,5
India_Bank_Statement_Digital_Type2,medium,account_holder,0.000,0.000,0.000,0,1,5
India_Bank_Statement_Digital_Type2,medium,account_number,0.000,0.000,0.000,0,1,5
India_Bank_Statement_Digital_Type2,medium,bank_name,1.000,1.000,1.000,5,0,0
India_Bank_Statement_Digital_Type2,medium,closing_balance,0.000,0.000,0.000,0,1,5
India_Bank_Statement_Digital_Type2,medium,end_date,0.000,0.000,0.000,0,1,5
India_Bank_Statement_Digital_Type2,medium,ifsc_code,0.000,0.000,0.000,0,1,5
India_Bank_Statement_Digital_Type2,medium,micr_code,0.000,0.000,0.000,0,1,5
India_Bank_Statement_Digital_Type2,medium,opening_balance,0.000,0.000,0.000,0,1,5
India_Bank_Statement_Digital_Type2,medium,start_date,0.000,0.000,0.000,0,1,5
India_Bank_Statement_Digital_Type2,medium,statement_date,0.000,0.000,0.000,0,1,5
India_Bank_Statement_Scanned_Type1,clean,account_holder,1.000,1.000,1.000,5,0,0
India_Bank_Statement_Scanned_Type1,clean,account_number,0.800,0.800,0.800,4,1,1
India_Bank_Statement_Scanned_Type1,clean,bank_name,1.000,1.000,1.000,5,0,0
India_Bank_Statement_Scanned_Type1,clean,closing_balance,1.000,1.000,1.000,5,0,0
India_Bank_Statement_Scanned_Type1,clean,end_date,1.000,1.000,1.000,5,0,0
India_Bank_Statement_Scanned_Type1,clean,ifsc_code,0.800,0.800,0.800,4,1,1
India_Bank_Statement_Scanned_Type1,clean,micr_code,1.000,1.000,1.000,5,0,0
India_Bank_Statement_Scanned_Type1,clean,opening_balance,1.000,1.000,1.000,5,0,0
India_Bank_Statement_Scanned_Type1,clean,start_date,1.000,1.000,1.000,5,0,0
India_Bank_Statement_Scanned_Type1,clean,statement_date,0.000,0.000,0.000,0,5,5
India_Bank_Statement_Scanned_Type1,heavy,account_holder,1.000,1.000,1.000,5,0,0
India_Bank_Statement_Scanned_Type1,heavy,account_number,0.000,0.000,0.000,0,5,5
India_Bank_Statement_Scanned_Type1,heavy,bank_name,1.000,1.000,1.000,5,0,0
India_Bank_Statement_Scanned_Type1,heavy,closing_balance,0.000,0.000,0.000,0,5,5
India_Bank_Statement_Scanned_Type1,heavy,end_date,0.000,0.000,0.000,0,5,5
India_Bank_Statement_Scanned_Type1,heavy,ifsc_code,0.000,0.000,0.000,0,5,5
India_Bank_Statement_Scanned_Type1,heavy,micr_code,0.000,0.000,0.000,0,3,5
India_Bank_Statement_Scanned_Type1,heavy,opening_balance,0.000,0.000,0.000,0,5,5
India_Bank_Statement_Scanned_Type1,heavy,start_date,0.000,0.000,0.000,0,5,5
India_Bank_Statement_Scanned_Type1,heavy,statement_date,0.000,0.000,0.000,0,3,5
India_Bank_Statement_Scanned_Type1,light,account_holder,1.000,1.000,1.000,5,0,0
India_Bank_Statement_Scanned_Type1,light,account_number,0.800,0.800,0.800,4,1,1
India_Bank_Statement_Scanned_Type1,light,bank_name,1.000,1.000,1.000,5,0,0
India_Bank_Statement_Scanned_Type1,light,closing_balance,1.000,1.000,1.000,5,0,0
India_Bank_Statement_Scanned_Type1,light,end_date,1.000,1.000,1.000,5,0,0
India_Bank_Statement_Scanned_Type1,light,ifsc_code,1.000,1.000,1.000,5,0,0
India_Bank_Statement_Scanned_Type1,light,micr_code,0.800,0.800,0.800,4,1,1
India_Bank_Statement_Scanned_Type1,light,opening_balance,1.000,1.000,1.000,5,0,0
India_Bank_Statement_Scanned_Type1,light,start_date,1.000,1.000,1.000,5,0,0
India_Bank_Statement_Scanned_Type1,light,statement_date,0.000,0.000,0.000,0,5,5
India_Bank_Statement_Scanned_Type1,medium,account_holder,1.000,1.000,1.000,5,0,0
India_Bank_Statement_Scanned_Type1,medium,account_number,0.000,0.000,0.000,0,5,5
India_Bank_Statement_Scanned_Type1,medium,bank_name,0.800,0.800,0.800,4,1,1
India_Bank_Statement_Scanned_Type1,medium,closing_balance,0.000,0.000,0.000,0,5,5
India_Bank_Statement_Scanned_Type1,medium,end_date,0.800,0.800,0.800,4,1,1
India_Bank_Statement_Scanned_Type1,medium,ifsc_code,0.000,0.000,0.000,0,5,5
India_Bank_Statement_Scanned_Type1,medium,micr_code,0.000,0.000,0.000,0,5,5
India_Bank_Statement_Scanned_Type1,medium,opening_balance,0.000,0.000,0.000,0,5,5
India_Bank_Statement_Scanned_Type1,medium,start_date,0.800,0.800,0.800,4,1,1
India_Bank_Statement_Scanned_Type1,medium,statement_date,0.000,0.000,0.000,0,4,5
India_Bank_Statement_Scanned_Type2,clean,account_holder,1.000,1.000,1.000,5,0,0
India_Bank_Statement_Scanned_Type2,clean,account_number,1.000,1.000,1.000,5,0,0
India_Bank_Statement_Scanned_Type2,clean,bank_name,1.000,1.000,1.000,5,0,0
India_Bank_Statement_Scanned_Type2,clean,closing_balance,0.800,0.800,0.800,4,1,1
India_Bank_Statement_Scanned_Type2,clean,end_date,1.000,1.000,1.000,5,0,0
India_Bank_Statement_Scanned_Type2,clean,ifsc_code,0.600,0.600,0.600,3,2,2
India_Bank_Statement_Scanned_Type2,clean,micr_code,0.800,0.800,0.800,4,1,1
India_Bank_Statement_Scanned_Type2,clean,opening_balance,1.000,1.000,1.000,5,0,0
India_Bank_Statement_Scanned_Type2,clean,start_date,1.000,1.000,1.000,5,0,0
India_Bank_Statement_Scanned_Type2,clean,statement_date,0.000,0.000,0.000,0,0,5
India_Bank_Statement_Scanned_Type2,heavy,account_holder,1.000,0.800,0.889,4,0,1
India_Bank_Statement_Scanned_Type2,heavy,account_number,0.000,0.000,0.000,0,3,5
India_Bank_Statement_Scanned_Type2,heavy,bank_name,1.000,1.000,1.000,5,0,0
India_Bank_Statement_Scanned_Type2,heavy,closing_balance,0.000,0.000,0.000,0,3,5
India_Bank_Statement_Scanned_Type2,heavy,end_date,0.000,0.000,0.000,0,3,5
India_Bank_Statement_Scanned_Type2,heavy,ifsc_code,0.000,0.000,0.000,0,3,5
India_Bank_Statement_Scanned_Type2,heavy,micr_code,0.000,0.000,0.000,0,2,5
India_Bank_Statement_Scanned_Type2,heavy,opening_balance,0.000,0.000,0.000,0,3,5
India_Bank_Statement_Scanned_Type2,heavy,start_date,0.000,0.000,0.000,0,3,5
India_Bank_Statement_Scanned_Type2,heavy,statement_date,0.000,0.000,0.000,0,3,5
India_Bank_Statement_Scanned_Type2,light,account_holder,1.000,1.000,1.000,5,0,0
India_Bank_Statement_Scanned_Type2,light,account_number,0.800,0.800,0.800,4,1,1
India_Bank_Statement_Scanned_Type2,light,bank_name,1.000,1.000,1.000,5,0,0
India_Bank_Statement_Scanned_Type2,light,closing_balance,1.000,1.000,1.000,5,0,0
India_Bank_Statement_Scanned_Type2,light,end_date,1.000,1.000,1.000,5,0,0
India_Bank_Statement_Scanned_Type2,light,ifsc_code,0.800,0.800,0.800,4,1,1
India_Bank_Statement_Scanned_Type2,light,micr_code,0.800,0.800,0.800,4,1,1
India_Bank_Statement_Scanned_Type2,light,opening_balance,1.000,1.000,1.000,5,0,0
India_Bank_Statement_Scanned_Type2,light,start_date,1.000,1.000,1.000,5,0,0
India_Bank_Statement_Scanned_Type2,light,statement_date,0.000,0.000,0.000,0,0,5
India_Bank_Statement_Scanned_Type2,medium,account_holder,1.000,1.000,1.000,5,0,0
India_Bank_Statement_Scanned_Type2,medium,account_number,0.000,0.000,0.000,0,5,5
India_Bank_Statement_Scanned_Type2,medium,bank_name,1.000,1.000,1.000,5,0,0
India_Bank_Statement_Scanned_Type2,medium,closing_balance,0.000,0.000,0.000,0,5,5
India_Bank_Statement_Scanned_Type2,medium,end_date,0.400,0.400,0.400,2,3,3
India_Bank_Statement_Scanned_Type2,medium,ifsc_code,0.000,0.000,0.000,0,5,5
India_Bank_Statement_Scanned_Type2,medium,micr_code,0.000,0.000,0.000,0,5,5
India_Bank_Statement_Scanned_Type2,medium,opening_balance,0.000,0.000,0.000,0,5,5
India_Bank_Statement_Scanned_Type2,medium,start_date,0.400,0.400,0.400,2,3,3
India_Bank_Statement_Scanned_Type2,medium,statement_date,0.000,0.000,0.000,0,0,5
